"Tree","Short","LatestInWindow","EarliestInWindow","FilesInWindow","FrontendHits","BackendHits","AskHits","MapHits","RelevantHits","ContentHits","Score","ExampleFiles"
"6a2840f46c3b184c1002652d56d471cd563392fe","6a2840f","28/06/2026 3:53:03 pm","28/06/2026 3:49:07 pm","2","2","2","2","2","2","727","7732","backend/src/services/askAiMapsService.ts | frontend/src/pages/AskAiMapPage.tsx"
"b6b4723bdf48485ecead8b2634c1a5084eae5d34","b6b4723","28/06/2026 3:53:03 pm","28/06/2026 3:53:03 pm","1","1","1","1","1","1","420","4431","askAiMapsService.ts"
"8f1c3596ea7d59c546ec79f0e096fea88ce469f6","8f1c359","28/06/2026 3:53:03 pm","28/06/2026 3:53:03 pm","1","1","1","1","1","1","420","4431","backend/src/services/askAiMapsService.ts"
"131dc9178746173ca2aa8b9f45d4edd15e4cfcd8","131dc91","28/06/2026 3:53:03 pm","28/06/2026 3:53:03 pm","1","1","1","1","1","1","420","4431","src/services/askAiMapsService.ts"
"a7f2ea210e6d23e25e84ea0ec479709cf1e68757","a7f2ea2","28/06/2026 3:53:03 pm","28/06/2026 3:53:03 pm","1","1","1","1","1","1","420","4431","services/askAiMapsService.ts"
"95b01e2286d4544ce69913d2bbdb21883cde7e7b","95b01e2","28/06/2026 3:49:07 pm","28/06/2026 3:49:07 pm","1","1","1","1","1","1","307","3301","src/pages/AskAiMapPage.tsx"
"eb24609b87784037a01cc14dffb962a279001a65","eb24609","28/06/2026 3:49:07 pm","28/06/2026 3:49:07 pm","1","1","1","1","1","1","307","3301","AskAiMapPage.tsx"
"42bdfc63d2921bcb93dacb023d10e50adb75ea4e","42bdfc6","28/06/2026 3:49:07 pm","28/06/2026 3:49:07 pm","1","1","1","1","1","1","307","3301","pages/AskAiMapPage.tsx"
"b44ff84a5f5b101e270e0869451fcfea059203c6","b44ff84","28/06/2026 3:30:14 pm","28/06/2026 3:09:15 pm","2","2","2","2","2","2","660","7062","backend/src/services/askAiMapsService.ts | frontend/src/pages/AskAiMapPage.tsx"
"cfbd31f99320a20e04d85a5500776f4d72e95cb1","cfbd31f","28/06/2026 3:09:15 pm","28/06/2026 3:09:15 pm","1","1","1","1","1","1","283","3061","pages/AskAiMapPage.tsx"
"05ae6d402f4ffb00537ddc2edfd99bc720ae78b0","05ae6d4","28/06/2026 3:09:15 pm","28/06/2026 3:09:15 pm","1","1","1","1","1","1","283","3061","frontend/src/pages/AskAiMapPage.tsx"
"55efd920b6e2702fb380126855a38de9d4bd6cac","55efd92","28/06/2026 3:09:15 pm","28/06/2026 3:09:15 pm","1","1","1","1","1","1","283","3061","AskAiMapPage.tsx"
"8c37a4838fe00262cae6bae438b7a4e426e142ac","8c37a48","28/06/2026 3:09:15 pm","28/06/2026 3:09:15 pm","1","1","1","1","1","1","283","3061","src/pages/AskAiMapPage.tsx"
