"Tree","Short","Blob","BlobShort","ObjectTime","Path","ContentHits","IsFrontend","IsBackend","IsAsk","IsMap","IsRelevant"
"a7f2ea210e6d23e25e84ea0ec479709cf1e68757","a7f2ea2","9f60c63f7e79e08bd9d22e68c7a42440660548d7","9f60c63","28/06/2026 3:53:03 pm","services/askAiMapsService.ts","420","True","True","True","True","True"
"6a2840f46c3b184c1002652d56d471cd563392fe","6a2840f","9f60c63f7e79e08bd9d22e68c7a42440660548d7","9f60c63","28/06/2026 3:53:03 pm","backend/src/services/askAiMapsService.ts","420","True","True","True","True","True"
"b6b4723bdf48485ecead8b2634c1a5084eae5d34","b6b4723","9f60c63f7e79e08bd9d22e68c7a42440660548d7","9f60c63","28/06/2026 3:53:03 pm","askAiMapsService.ts","420","True","True","True","True","True"
"8f1c3596ea7d59c546ec79f0e096fea88ce469f6","8f1c359","9f60c63f7e79e08bd9d22e68c7a42440660548d7","9f60c63","28/06/2026 3:53:03 pm","backend/src/services/askAiMapsService.ts","420","True","True","True","True","True"
"131dc9178746173ca2aa8b9f45d4edd15e4cfcd8","131dc91","9f60c63f7e79e08bd9d22e68c7a42440660548d7","9f60c63","28/06/2026 3:53:03 pm","src/services/askAiMapsService.ts","420","True","True","True","True","True"
"eb24609b87784037a01cc14dffb962a279001a65","eb24609","3d4804890cf859875a0590043dae56beacd9a1fb","3d48048","28/06/2026 3:49:07 pm","AskAiMapPage.tsx","307","True","True","True","True","True"
"95b01e2286d4544ce69913d2bbdb21883cde7e7b","95b01e2","3d4804890cf859875a0590043dae56beacd9a1fb","3d48048","28/06/2026 3:49:07 pm","src/pages/AskAiMapPage.tsx","307","True","True","True","True","True"
"6a2840f46c3b184c1002652d56d471cd563392fe","6a2840f","3d4804890cf859875a0590043dae56beacd9a1fb","3d48048","28/06/2026 3:49:07 pm","frontend/src/pages/AskAiMapPage.tsx","307","True","True","True","True","True"
"42bdfc63d2921bcb93dacb023d10e50adb75ea4e","42bdfc6","3d4804890cf859875a0590043dae56beacd9a1fb","3d48048","28/06/2026 3:49:07 pm","pages/AskAiMapPage.tsx","307","True","True","True","True","True"
"b44ff84a5f5b101e270e0869451fcfea059203c6","b44ff84","396d878c88f67de36bf3f679694b3da39e6e209f","396d878","28/06/2026 3:30:14 pm","backend/src/services/askAiMapsService.ts","377","True","True","True","True","True"
"05ae6d402f4ffb00537ddc2edfd99bc720ae78b0","05ae6d4","b93e155b95e06d7d81ad21bf51181e63f941d208","b93e155","28/06/2026 3:09:15 pm","frontend/src/pages/AskAiMapPage.tsx","283","True","True","True","True","True"
"cfbd31f99320a20e04d85a5500776f4d72e95cb1","cfbd31f","b93e155b95e06d7d81ad21bf51181e63f941d208","b93e155","28/06/2026 3:09:15 pm","pages/AskAiMapPage.tsx","283","True","True","True","True","True"
"55efd920b6e2702fb380126855a38de9d4bd6cac","55efd92","b93e155b95e06d7d81ad21bf51181e63f941d208","b93e155","28/06/2026 3:09:15 pm","AskAiMapPage.tsx","283","True","True","True","True","True"
"8c37a4838fe00262cae6bae438b7a4e426e142ac","8c37a48","b93e155b95e06d7d81ad21bf51181e63f941d208","b93e155","28/06/2026 3:09:15 pm","src/pages/AskAiMapPage.tsx","283","True","True","True","True","True"
"b44ff84a5f5b101e270e0869451fcfea059203c6","b44ff84","b93e155b95e06d7d81ad21bf51181e63f941d208","b93e155","28/06/2026 3:09:15 pm","frontend/src/pages/AskAiMapPage.tsx","283","True","True","True","True","True"
